1,Bernelle,10/9/2018,Female,Orange
2,Cheslie,11/18/2018,Female,Turquoise
3,Goran,5/15/2018,Male,Mauv
4,Zach,6/26/2018,Male,Maroon
5,Shannon,5/29/2018,Male,Turquoise
6,Zuzana,9/12/2018,Female,Turquoise
7,Veronique,7/16/2018,Female,Maroon
8,Carree,12/27/2018,Female,Turquoise
9,Aurelea,7/22/2018,Female,Maroon
10,Chariot,2/15/2018,Male,Blue
11,Donnie,4/13/2018,Male,Crimson
12,Freddy,6/23/2018,Female,Red
13,Quentin,4/11/2018,Female,Puce
14,Barry,2/5/2018,Female,Green
15,Casar,8/5/2018,Male,Mauv
16,Hans,11/25/2018,Male,Pink
17,Hanny,2/12/2018,Female,Purple
18,Findley,9/21/2018,Male,Orange
19,Karly,1/25/2018,Female,Orange
20,Elroy,6/22/2018,Male,Khaki
21,Domenico,2/11/2018,Male,Violet
22,Toby,2/1/2018,Male,Maroon
23,Grata,5/12/2018,Female,Turquoise
24,Adan,10/6/2018,Male,Fuscia
25,Skip,9/6/2018,Male,Maroon
26,Carlota,1/29/2018,Female,Turquoise
27,Olav,11/21/2018,Male,Khaki
28,Chrissy,1/5/2018,Male,Crimson
29,Douglas,11/24/2018,Male,Green
30,Carley,12/26/2018,Female,Turquoise
31,Madlen,4/25/2018,Female,Blue
32,Abdul,6/5/2018,Male,Pink
33,Hillard,4/17/2018,Male,Purple
34,Glynis,12/5/2018,Female,Puce
35,Carroll,10/29/2018,Female,Red
36,Bret,1/6/2018,Male,Turquoise
37,Cyrill,7/17/2018,Male,Mauv
38,Lilith,8/8/2018,Female,Yellow
39,Gratiana,3/14/2018,Female,Indigo
40,Jim,6/7/2018,Male,Khaki
41,Constancy,8/28/2018,Female,Purple
42,Earle,2/7/2018,Male,Indigo
43,Annalee,10/16/2018,Female,Pink
44,Carce,8/11/2018,Male,Crimson
45,Tanhya,9/6/2018,Female,Indigo
46,Johnette,6/26/2018,Female,Maroon
47,Romonda,7/25/2018,Female,Teal
48,Cinda,9/18/2018,Female,Goldenrod
49,Nancy,8/22/2018,Female,Yellow
50,Jeremiah,2/9/2018,Male,Pink
51,Viviyan,5/10/2018,Female,Pink
52,Mair,10/6/2018,Female,Khaki
53,Haskell,3/10/2018,Male,Mauv
54,Graham,3/13/2018,Male,Teal
55,Wit,12/13/2018,Male,Puce
56,Merrie,11/23/2018,Female,Mauv
57,Gelya,9/23/2018,Female,Violet
58,Casey,6/7/2018,Male,Blue
59,Errol,10/31/2018,Male,Turquoise
60,Jerrie,5/16/2018,Female,Teal
61,Preston,5/18/2018,Male,Green
62,Vassili,3/13/2018,Male,Khaki
63,Paulie,1/26/2018,Female,Aquamarine
64,Janey,1/27/2018,Female,Orange
65,Dukey,5/2/2018,Male,Goldenrod
66,Jeana,11/4/2018,Female,Goldenrod
67,Marysa,8/13/2018,Female,Blue
68,Jefferson,12/4/2018,Male,Red
69,Pru,1/14/2018,Female,Crimson
70,Dyna,2/27/2018,Female,Aquamarine
71,Westleigh,5/13/2018,Male,Teal
72,Shayla,4/12/2018,Female,Pink
73,Morgun,2/15/2018,Male,Green
74,Maryanna,12/10/2018,Female,Puce
75,Brandtr,5/24/2018,Male,Maroon
76,Rex,12/25/2018,Male,Khaki
77,Donn,8/10/2018,Male,Pink
78,Tobie,9/20/2018,Male,Yellow
79,Darya,4/19/2018,Female,Mauv
80,Charlie,11/9/2018,Male,Turquoise
81,Ferdy,11/29/2018,Male,Aquamarine
82,Seumas,10/3/2018,Male,Yellow
83,Monti,12/24/2018,Male,Purple
84,Hedvige,7/15/2018,Female,Aquamarine
85,Natalee,3/5/2018,Female,Pink
86,Valerye,2/9/2018,Female,Purple
87,Lazaro,1/18/2018,Male,Maroon
88,Mack,8/15/2018,Male,Indigo
89,Bayard,8/18/2018,Male,Mauv
90,Frasier,4/16/2018,Male,Maroon
91,Edita,4/3/2018,Female,Mauv
92,Reggis,11/8/2018,Male,Teal
93,Gawain,10/7/2018,Male,Fuscia
94,Reamonn,1/25/2018,Male,Blue
95,Tamera,12/12/2018,Female,Mauv
96,Obediah,10/13/2018,Male,Blue
97,Jackie,6/21/2018,Male,Fuscia
98,Worden,8/21/2018,Male,Mauv
99,Johny,11/30/2018,Male,Puce
100,Jordon,2/6/2018,Male,Mauv
101,Susan,12/13/2018,Female,Yellow
102,Natalie,12/16/2018,Female,Violet
103,Dell,7/24/2018,Female,Teal
104,Welbie,6/9/2018,Male,Green
105,Waverley,5/28/2018,Male,Blue
106,Arthur,1/17/2018,Male,Crimson
107,Prince,9/22/2018,Male,Goldenrod
108,Gerard,6/4/2018,Male,Orange
109,Erminie,2/20/2018,Female,Aquamarine
110,Patty,4/25/2018,Male,Khaki
111,Augustina,12/19/2018,Female,Orange
112,Elsie,8/31/2018,Female,Red
113,Chris,9/6/2018,Female,Red
114,Norean,7/21/2018,Female,Yellow
115,Falito,10/21/2018,Male,Puce
116,Archer,8/13/2018,Male,Teal
117,Issy,1/12/2018,Female,Maroon
118,Amil,6/6/2018,Female,Crimson
119,Von,2/15/2018,Male,Goldenrod
120,Loreen,10/20/2018,Female,Mauv
121,Antonie,4/14/2018,Female,Blue
122,Bailie,2/1/2018,Male,Aquamarine
123,Faye,4/24/2018,Female,Goldenrod
124,Gracia,4/24/2018,Female,Purple
125,Jeff,5/29/2018,Male,Blue
126,Bob,11/19/2018,Male,Indigo
127,Ruttger,7/27/2018,Male,Violet
128,Blakelee,4/21/2018,Female,Puce
129,Noellyn,12/30/2018,Female,Aquamarine
130,Alexandro,12/1/2018,Male,Goldenrod
131,Gabriela,1/30/2018,Female,Khaki
132,Frederique,8/15/2018,Female,Pink
133,Jeffy,1/24/2018,Male,Indigo
134,Desiri,1/11/2018,Female,Violet
135,Dewie,12/10/2018,Male,Fuscia
136,Inge,12/2/2018,Female,Blue
137,Orv,10/27/2018,Male,Aquamarine
138,Micah,11/18/2018,Male,Turquoise
139,Mariel,7/22/2018,Female,Violet
140,Ahmad,11/4/2018,Male,Yellow
141,Jammal,12/2/2018,Male,Crimson
142,Codi,5/15/2018,Male,Goldenrod
143,Cale,10/11/2018,Male,Red
144,Zarla,4/26/2018,Female,Goldenrod
145,Crystal,9/17/2018,Female,Puce
146,Susanne,6/20/2018,Female,Puce
147,Verna,10/23/2018,Female,Purple
148,Reta,7/31/2018,Female,Crimson
149,Crawford,1/31/2018,Male,Teal
150,Everett,8/29/2018,Male,Purple
151,Kort,4/25/2018,Male,Red
152,Les,9/21/2018,Male,Maroon
153,Ana,6/23/2018,Female,Teal
154,Nelli,10/22/2018,Female,Violet
155,Onida,5/20/2018,Female,Violet
156,Dalt,9/16/2018,Male,Purple
157,Lydie,11/4/2018,Female,Yellow
158,Filmer,6/6/2018,Male,Goldenrod
159,Claus,7/21/2018,Male,Pink
160,Consuelo,2/3/2018,Female,Red
161,Cecil,6/4/2018,Female,Green
162,Charlene,9/17/2018,Female,Red
163,Noelani,11/1/2018,Female,Red
164,Elna,6/30/2018,Female,Maroon
165,Jacinda,12/31/2018,Female,Teal
166,Roxy,1/18/2018,Female,Indigo
167,Skippie,1/28/2018,Male,Blue
168,Modestia,5/3/2018,Female,Indigo
169,Fayth,9/15/2018,Female,Crimson
170,Felice,5/26/2018,Male,Goldenrod
171,Freddie,7/17/2018,Female,Khaki
172,Conway,10/3/2018,Male,Violet
173,Byrom,3/3/2018,Male,Red
174,Aurea,12/6/2018,Female,Aquamarine
175,Adams,12/23/2018,Male,Turquoise
176,Gabriele,5/11/2018,Male,Fuscia
177,Westbrooke,2/24/2018,Male,Violet
178,Turner,10/29/2018,Male,Maroon
179,Peria,7/31/2018,Female,Red
180,Brinna,12/10/2018,Female,Green
181,Nico,3/9/2018,Male,Turquoise
182,Padraig,7/24/2018,Male,Khaki
183,Ofilia,11/28/2018,Female,Puce
184,Cristy,1/29/2018,Female,Khaki
185,Catlee,4/24/2018,Female,Blue
186,Berkley,9/10/2018,Male,Turquoise
187,Brendon,3/1/2018,Male,Puce
188,Mickie,9/6/2018,Male,Khaki
189,La verne,3/2/2018,Female,Green
190,Addison,9/13/2018,Male,Teal
191,Ursulina,8/5/2018,Female,Purple
192,Kerrill,2/10/2018,Female,Maroon
193,Paige,2/19/2018,Male,Goldenrod
194,Llewellyn,10/22/2018,Male,Khaki
195,Florencia,12/22/2018,Female,Violet
196,Tedman,8/8/2018,Male,Indigo
197,Brittne,7/26/2018,Female,Red
198,Franklyn,1/9/2018,Male,Goldenrod
199,Lulita,3/13/2018,Female,Aquamarine
200,Donaugh,4/8/2018,Male,Red
201,Lanie,5/22/2018,Male,Turquoise
202,Angelita,8/19/2018,Female,Goldenrod
203,Roscoe,10/6/2018,Male,Turquoise
204,Filip,12/3/2018,Male,Puce
205,Eddy,3/17/2018,Male,Maroon
206,Zorah,8/24/2018,Female,Teal
207,Dre,12/22/2018,Female,Purple
208,Horacio,8/24/2018,Male,Mauv
209,Arny,7/10/2018,Male,Mauv
210,Nellie,6/1/2018,Female,Crimson
211,Denise,9/16/2018,Female,Crimson
212,Chip,7/9/2018,Male,Orange
213,Kalli,8/20/2018,Female,Violet
214,Florencia,2/9/2018,Female,Mauv
215,Corbett,10/4/2018,Male,Turquoise
216,Natty,4/20/2018,Male,Pink
217,Claudetta,3/15/2018,Female,Khaki
218,Georgeanne,12/24/2018,Female,Red
219,Conan,9/10/2018,Male,Purple
220,Susi,1/14/2018,Female,Purple
221,Faulkner,7/31/2018,Male,Indigo
222,Melisse,7/25/2018,Female,Maroon
223,Free,4/9/2018,Male,Indigo
224,Salli,6/11/2018,Female,Violet
225,Allen,8/23/2018,Male,Puce
226,Hyman,3/1/2018,Male,Teal
227,Farlay,5/22/2018,Male,Indigo
228,Efren,5/19/2018,Male,Indigo
229,Arleta,7/12/2018,Female,Yellow
230,Monti,7/19/2018,Male,Maroon
231,Barbie,12/12/2018,Female,Maroon
232,Herb,10/13/2018,Male,Crimson
233,Devlin,5/9/2018,Male,Pink
234,Munroe,4/6/2018,Male,Blue
235,Rutledge,12/5/2018,Male,Khaki
236,Bendick,1/11/2018,Male,Pink
237,Kory,4/14/2018,Male,Maroon
238,Meggi,5/25/2018,Female,Red
239,Roslyn,9/8/2018,Female,Green
240,Rasla,1/10/2018,Female,Green
241,Sinclair,9/1/2018,Male,Fuscia
242,Darby,4/14/2018,Male,Pink
243,Flss,1/13/2018,Female,Mauv
244,Kym,10/3/2018,Female,Yellow
245,Cully,1/14/2018,Male,Fuscia
246,Ralf,9/27/2018,Male,Turquoise
247,Margie,7/26/2018,Female,Goldenrod
248,Maryellen,2/5/2018,Female,Indigo
249,Marcille,10/19/2018,Female,Green
250,Tildi,9/17/2018,Female,Puce
251,Emilee,8/16/2018,Female,Pink
252,Rockie,8/21/2018,Male,Turquoise
253,Mercie,6/25/2018,Female,Goldenrod
254,Monte,5/17/2018,Male,Aquamarine
255,Vincenty,7/11/2018,Male,Mauv
256,Brendin,4/8/2018,Male,Aquamarine
257,Fleming,12/20/2018,Male,Yellow
258,Miles,9/9/2018,Male,Aquamarine
259,Tamas,12/14/2018,Male,Puce
260,Tessie,2/18/2018,Female,Aquamarine
261,Werner,1/14/2018,Male,Teal
262,Merrick,10/29/2018,Male,Indigo
263,Boothe,5/23/2018,Male,Orange
264,Morty,9/5/2018,Male,Indigo
265,Irene,7/2/2018,Female,Teal
266,Hugibert,11/22/2018,Male,Orange
267,Sorcha,3/28/2018,Female,Goldenrod
268,Ewen,1/8/2018,Male,Khaki
269,Dennie,9/7/2018,Male,Khaki
270,Verla,1/1/2018,Female,Fuscia
271,Reggie,2/10/2018,Female,Fuscia
272,Waiter,10/24/2018,Male,Violet
273,Mata,5/19/2018,Male,Yellow
274,Georgie,11/10/2018,Female,Goldenrod
275,Claudio,3/5/2018,Male,Fuscia
276,Sheela,1/14/2018,Female,Goldenrod
277,Morten,7/4/2018,Male,Goldenrod
278,Teddy,5/31/2018,Male,Blue
279,Sonia,7/19/2018,Female,Fuscia
280,Regine,1/25/2018,Female,Mauv
281,Emili,5/9/2018,Female,Aquamarine
282,Tally,6/11/2018,Male,Teal
283,Serge,2/23/2018,Male,Puce
284,Ford,6/7/2018,Male,Orange
285,Tiffany,4/27/2018,Female,Mauv
286,Reagen,9/21/2018,Male,Purple
287,Jenda,10/18/2018,Female,Turquoise
288,Deina,1/21/2018,Female,Purple
289,Graig,1/4/2018,Male,Red
290,Cosmo,1/10/2018,Male,Khaki
291,Randell,12/9/2018,Male,Mauv
292,Antonella,8/1/2018,Female,Aquamarine
293,Minna,1/17/2018,Female,Aquamarine
294,Ange,8/21/2018,Male,Orange
295,Quinn,5/19/2018,Male,Violet
296,Maxie,6/18/2018,Male,Teal
297,Nikolos,1/31/2018,Male,Khaki
298,Jess,6/27/2018,Female,Mauv
299,Myrtie,2/6/2018,Female,Indigo
300,Kippie,8/21/2018,Male,Goldenrod
301,Nanni,5/19/2018,Female,Pink
302,Oswell,12/31/2018,Male,Violet
303,Jennifer,8/7/2018,Female,Purple
304,Hanni,11/2/2018,Female,Aquamarine
305,Galina,7/28/2018,Female,Yellow
306,Tadeas,7/24/2018,Male,Violet
307,Dode,5/25/2018,Female,Maroon
308,Randal,3/31/2018,Male,Orange
309,Gui,3/26/2018,Female,Aquamarine
310,Lucilia,1/4/2018,Female,Blue
311,Kelley,10/9/2018,Female,Mauv
312,Bryn,4/10/2018,Female,Crimson
313,Bartholomeo,3/6/2018,Male,Orange
314,Michael,3/7/2018,Male,Crimson
315,Penny,6/26/2018,Female,Purple
316,Slade,6/5/2018,Male,Green
317,Freda,8/17/2018,Female,Blue
318,Neala,11/30/2018,Female,Crimson
319,Perceval,3/15/2018,Male,Khaki
320,Maddie,1/10/2018,Male,Pink
321,Spence,8/24/2018,Male,Yellow
322,Nadean,4/19/2018,Female,Mauv
323,Jacobo,10/25/2018,Male,Khaki
324,Ardenia,7/24/2018,Female,Goldenrod
325,Linn,9/23/2018,Female,Pink
326,Allissa,2/7/2018,Female,Aquamarine
327,Amye,10/27/2018,Female,Orange
328,Tatum,8/1/2018,Female,Pink
329,Charo,6/20/2018,Female,Pink
330,Heywood,4/3/2018,Male,Crimson
331,Giovanni,3/29/2018,Male,Maroon
332,Yulma,7/11/2018,Male,Yellow
333,Tomasina,4/19/2018,Female,Orange
334,Reeva,11/23/2018,Female,Orange
335,Michal,3/8/2018,Male,Purple
336,Adolphus,4/26/2018,Male,Blue
337,Silvain,12/18/2018,Male,Crimson
338,Tine,8/21/2018,Female,Goldenrod
339,Katrinka,4/7/2018,Female,Goldenrod
340,Silvester,11/16/2018,Male,Turquoise
341,Therese,1/3/2018,Female,Red
342,Georgy,10/13/2018,Male,Blue
343,Klara,6/4/2018,Female,Orange
344,Stern,3/29/2018,Male,Teal
345,Spenser,9/27/2018,Male,Goldenrod
346,Darrel,8/21/2018,Male,Puce
347,Gannie,10/25/2018,Male,Green
348,Phillie,8/14/2018,Female,Orange
349,Jozef,5/22/2018,Male,Blue
350,Garrett,3/27/2018,Male,Teal
351,Patricia,1/12/2018,Female,Puce
352,Mendy,6/12/2018,Male,Maroon
353,Jeannie,4/9/2018,Female,Green
354,Tonya,2/12/2018,Female,Turquoise
355,Huntlee,1/19/2018,Male,Mauv
356,Dennet,6/29/2018,Male,Crimson
357,Calhoun,11/19/2018,Male,Aquamarine
358,Arlyn,12/28/2018,Female,Crimson
359,Magdaia,3/19/2018,Female,Red
360,Isahella,12/27/2018,Female,Puce
361,Laney,10/2/2018,Male,Crimson
362,Findlay,9/21/2018,Male,Maroon
363,Stevie,4/3/2018,Male,Aquamarine
364,Callean,9/1/2018,Male,Yellow
365,Fonzie,8/27/2018,Male,Crimson
366,Britt,9/1/2018,Male,Mauv
367,Courtnay,8/8/2018,Male,Khaki
368,Shina,5/29/2018,Female,Turquoise
369,Robbin,5/15/2018,Female,Purple
370,Sanson,9/10/2018,Male,Red
371,Alonzo,9/28/2018,Male,Blue
372,Cobbie,9/30/2018,Male,Fuscia
373,Ediva,6/1/2018,Female,Goldenrod
374,Richmond,6/23/2018,Male,Red
375,Mellie,12/31/2018,Female,Turquoise
376,Jeniffer,6/28/2018,Female,Puce
377,Brodie,10/28/2018,Male,Mauv
378,Wilfred,9/24/2018,Male,Green
379,Marv,2/22/2018,Male,Green
380,Goober,8/18/2018,Male,Mauv
381,Cati,2/10/2018,Female,Puce
382,Lura,4/24/2018,Female,Khaki
383,Tara,3/27/2018,Female,Orange
384,Desmund,1/25/2018,Male,Goldenrod
385,Donnie,9/11/2018,Male,Khaki
386,Wolfy,10/17/2018,Male,Red
387,Esra,2/13/2018,Male,Purple
388,Egan,10/4/2018,Male,Teal
389,Leshia,1/1/2018,Female,Crimson
390,Osmond,7/20/2018,Male,Pink
391,Thibaud,9/6/2018,Male,Teal
392,Doy,3/10/2018,Male,Khaki
393,Hedi,6/25/2018,Female,Yellow
394,Niko,6/23/2018,Male,Goldenrod
395,Gustave,1/6/2018,Male,Red
396,Elly,7/13/2018,Female,Goldenrod
397,Maryann,12/10/2018,Female,Maroon
398,Edgar,1/23/2018,Male,Puce
399,Moritz,6/15/2018,Male,Fuscia
400,Tiff,12/22/2018,Female,Teal
401,Roland,10/29/2018,Male,Pink
402,Kass,1/9/2018,Female,Khaki
403,Bernita,5/12/2018,Female,Indigo
404,Bone,4/12/2018,Male,Mauv
405,Karin,5/2/2018,Female,Goldenrod
406,Daffie,4/10/2018,Female,Orange
407,Orion,9/4/2018,Male,Indigo
408,Stacia,6/17/2018,Female,Crimson
409,Lionello,11/2/2018,Male,Green
410,Delmer,9/11/2018,Male,Green
411,Shelby,3/10/2018,Female,Fuscia
412,Thekla,8/1/2018,Female,Purple
413,Chickie,8/1/2018,Male,Pink
414,Wilbur,4/21/2018,Male,Crimson
415,Nilson,2/22/2018,Male,Aquamarine
416,Danita,7/12/2018,Female,Blue
417,Mannie,6/2/2018,Male,Violet
418,Jennette,6/19/2018,Female,Pink
419,Rustin,5/31/2018,Male,Fuscia
420,Fidel,10/11/2018,Male,Teal
421,Mace,1/8/2018,Male,Pink
422,Micheil,6/27/2018,Male,Aquamarine
423,Mercy,9/28/2018,Female,Purple
424,Garvin,4/25/2018,Male,Khaki
425,Sonnie,6/8/2018,Female,Yellow
426,Adiana,8/17/2018,Female,Red
427,Ilysa,3/14/2018,Female,Violet
428,Sammy,1/12/2018,Female,Indigo
429,Billy,2/23/2018,Male,Purple
430,Maryl,3/12/2018,Female,Red
431,Idalia,11/17/2018,Female,Purple
432,Brendon,11/9/2018,Male,Goldenrod
433,Fanchon,9/1/2018,Female,Violet
434,Roseanne,9/30/2018,Female,Violet
435,Karoly,2/9/2018,Female,Goldenrod
436,Roi,8/13/2018,Male,Red
437,Cale,4/22/2018,Male,Aquamarine
438,Alf,7/23/2018,Male,Fuscia
439,Darbee,7/27/2018,Male,Puce
440,Lanie,8/17/2018,Female,Teal
441,Ward,5/19/2018,Male,Mauv
442,Lauritz,1/3/2018,Male,Fuscia
443,Benn,8/14/2018,Male,Red
444,Skelly,11/27/2018,Male,Fuscia
445,Shelia,12/26/2018,Female,Goldenrod
446,Carlina,4/3/2018,Female,Teal
447,Worth,5/5/2018,Male,Teal
448,Gaile,2/19/2018,Male,Aquamarine
449,Clari,9/5/2018,Female,Indigo
450,Vinnie,12/22/2018,Male,Fuscia
451,Ailina,8/20/2018,Female,Green
452,Lazar,2/6/2018,Male,Violet
453,Feodora,2/11/2018,Female,Fuscia
454,Donavon,7/20/2018,Male,Turquoise
455,Carita,11/24/2018,Female,Fuscia
456,Tilly,12/11/2018,Female,Maroon
457,Bev,12/6/2018,Male,Teal
458,Vanny,4/29/2018,Female,Mauv
459,Angelina,8/3/2018,Female,Turquoise
460,Cammie,5/25/2018,Female,Mauv
461,Danell,1/7/2018,Female,Blue
462,Elvira,7/2/2018,Female,Yellow
463,Orella,9/27/2018,Female,Turquoise
464,Hagen,1/15/2018,Male,Yellow
465,Vanna,12/21/2018,Female,Mauv
466,Clyde,9/16/2018,Male,Pink
467,Lavina,1/31/2018,Female,Goldenrod
468,Ibrahim,10/16/2018,Male,Fuscia
469,Ginevra,5/31/2018,Female,Pink
470,Rock,2/19/2018,Male,Teal
471,Joni,1/13/2018,Female,Mauv
472,Pauly,4/30/2018,Male,Pink
473,Derward,1/29/2018,Male,Purple
474,Early,4/16/2018,Male,Orange
475,Clark,10/29/2018,Male,Aquamarine
476,Berrie,7/3/2018,Female,Khaki
477,Hester,9/12/2018,Female,Goldenrod
478,Kip,4/19/2018,Male,Teal
479,Caleb,3/24/2018,Male,Maroon
480,Candi,1/6/2018,Female,Crimson
481,Josy,6/15/2018,Female,Aquamarine
482,Egon,8/26/2018,Male,Aquamarine
483,Lainey,3/9/2018,Female,Purple
484,Judy,2/13/2018,Female,Blue
485,Lowell,4/22/2018,Male,Fuscia
486,Melinde,3/30/2018,Female,Indigo
487,Milena,9/3/2018,Female,Violet
488,Howey,8/31/2018,Male,Violet
489,Kristien,9/12/2018,Female,Crimson
490,Louella,5/21/2018,Female,Red
491,Alaric,4/26/2018,Male,Puce
492,Correy,6/20/2018,Male,Purple
493,Warde,2/21/2018,Male,Orange
494,Elyse,5/19/2018,Female,Khaki
495,Corrianne,7/3/2018,Female,Puce
496,Caren,1/5/2018,Female,Fuscia
497,Godfry,10/23/2018,Male,Teal
498,Merrill,3/3/2018,Male,Red
499,Ruben,6/3/2018,Male,Fuscia
500,Jemmy,6/10/2018,Female,Red
501,Carline,5/16/2018,Female,Yellow
502,Aloin,5/14/2018,Male,Teal
503,Arman,3/7/2018,Male,Mauv
504,Thorin,5/1/2018,Male,Purple
505,Ignazio,6/27/2018,Male,Goldenrod
506,Barnard,3/11/2018,Male,Khaki
507,Sawyere,8/25/2018,Male,Mauv
508,Miguel,9/10/2018,Male,Turquoise
509,Elnar,2/19/2018,Male,Turquoise
510,Eal,2/6/2018,Male,Violet
511,Terrijo,8/14/2018,Female,Teal
512,Lilia,12/24/2018,Female,Orange
513,Gibby,7/10/2018,Male,Teal
514,Coletta,6/12/2018,Female,Puce
515,Pat,5/8/2018,Female,Crimson
516,Feliza,9/21/2018,Female,Goldenrod
517,Prinz,3/29/2018,Male,Violet
518,Celeste,12/21/2018,Female,Aquamarine
519,Correy,5/19/2018,Female,Khaki
520,Biddy,5/27/2018,Female,Maroon
521,Ernestine,4/13/2018,Female,Puce
522,Cassius,6/12/2018,Male,Green
523,Jasmina,4/29/2018,Female,Red
524,Andrus,3/16/2018,Male,Pink
525,Darbie,2/13/2018,Female,Fuscia
526,Lotti,3/5/2018,Female,Aquamarine
527,Tova,11/16/2018,Female,Indigo
528,Amata,8/4/2018,Female,Violet
529,Hyacinthe,10/8/2018,Female,Green
530,Jerald,5/17/2018,Male,Aquamarine
531,Roth,12/24/2018,Male,Turquoise
532,Jackie,3/20/2018,Female,Teal
533,Hali,7/3/2018,Female,Indigo
534,Alford,6/22/2018,Male,Fuscia
535,Shanda,9/26/2018,Female,Yellow
536,Binny,11/18/2018,Female,Yellow
537,Rossy,8/25/2018,Male,Maroon
538,Rayner,2/5/2018,Male,Khaki
539,Gerik,11/21/2018,Male,Indigo
540,Mycah,1/25/2018,Male,Crimson
541,Fabiano,4/15/2018,Male,Turquoise
542,Ettie,8/13/2018,Female,Mauv
543,Leonard,12/24/2018,Male,Violet
544,Jillene,12/27/2018,Female,Aquamarine
545,Berti,8/28/2018,Male,Purple
546,Marianna,3/24/2018,Female,Crimson
547,Abby,1/19/2018,Male,Goldenrod
548,Randi,8/6/2018,Male,Orange
549,Leonardo,1/6/2018,Male,Turquoise
550,Sammie,11/7/2018,Male,Purple
551,Virgil,10/8/2018,Male,Blue
552,Wheeler,6/25/2018,Male,Khaki
553,Chloette,10/17/2018,Female,Blue
554,Donalt,12/26/2018,Male,Puce
555,Risa,9/5/2018,Female,Yellow
556,Vina,11/23/2018,Female,Puce
557,Patti,4/20/2018,Female,Fuscia
558,Orly,1/31/2018,Female,Puce
559,Nigel,6/29/2018,Male,Purple
560,Christoph,12/28/2018,Male,Khaki
561,Dukie,7/22/2018,Male,Pink
562,Zacherie,4/12/2018,Male,Green
563,Keriann,2/28/2018,Female,Crimson
564,Hephzibah,12/16/2018,Female,Fuscia
565,Alys,12/8/2018,Female,Puce
566,Bink,3/9/2018,Male,Pink
567,Addie,8/27/2018,Female,Teal
568,Brock,5/17/2018,Male,Fuscia
569,Jordan,1/19/2018,Male,Violet
570,Kelsi,2/24/2018,Female,Violet
571,Krispin,7/2/2018,Male,Khaki
572,Arni,7/10/2018,Male,Puce
573,Lothaire,6/6/2018,Male,Puce
574,Erastus,5/18/2018,Male,Puce
575,Hannis,5/12/2018,Female,Fuscia
576,Rene,8/22/2018,Male,Pink
577,Millard,12/27/2018,Male,Green
578,Fiona,11/6/2018,Female,Red
579,Denney,7/30/2018,Male,Puce
580,Cherie,2/2/2018,Female,Mauv
581,Franciskus,2/9/2018,Male,Turquoise
582,Lorena,7/6/2018,Female,Puce
583,Marylynne,12/7/2018,Female,Teal
584,Pieter,5/10/2018,Male,Fuscia
585,Evangelia,3/15/2018,Female,Mauv
586,Abie,5/10/2018,Male,Fuscia
587,Shaw,6/16/2018,Male,Maroon
588,Arther,2/27/2018,Male,Puce
589,Kalinda,10/22/2018,Female,Puce
590,Ag,12/26/2018,Female,Aquamarine
591,Derron,2/22/2018,Male,Khaki
592,Wandis,5/17/2018,Female,Teal
593,Harp,7/29/2018,Male,Mauv
594,Zorana,11/2/2018,Female,Puce
595,Nady,8/10/2018,Female,Turquoise
596,Danny,5/12/2018,Male,Orange
597,Corty,11/23/2018,Male,Orange
598,Jaime,9/4/2018,Male,Turquoise
599,Darrel,4/20/2018,Male,Khaki
600,Carlin,7/28/2018,Female,Mauv
601,Adolphe,2/1/2018,Male,Mauv
602,Ellswerth,7/27/2018,Male,Violet
603,Lynea,7/29/2018,Female,Khaki
604,Roth,6/19/2018,Male,Mauv
605,Denny,2/23/2018,Male,Yellow
606,June,12/6/2018,Female,Teal
607,Kermit,9/17/2018,Male,Turquoise
608,Germayne,7/5/2018,Male,Orange
609,Elvera,5/17/2018,Female,Pink
610,Betty,1/20/2018,Female,Violet
611,Sanders,3/12/2018,Male,Orange
612,Heall,5/12/2018,Male,Yellow
613,Wenona,4/28/2018,Female,Green
614,Kristoforo,5/21/2018,Male,Khaki
615,Lynnell,9/23/2018,Female,Orange
616,Thekla,2/26/2018,Female,Crimson
617,Craig,12/8/2018,Male,Khaki
618,Kylynn,7/27/2018,Female,Khaki
619,Lemar,4/14/2018,Male,Pink
620,Krispin,2/11/2018,Male,Indigo
621,Ofelia,1/31/2018,Female,Goldenrod
622,Kingston,8/17/2018,Male,Fuscia
623,Taber,11/5/2018,Male,Fuscia
624,Malia,2/21/2018,Female,Khaki
625,Marjorie,3/15/2018,Female,Indigo
626,Enrico,2/13/2018,Male,Turquoise
627,Sheila-kathryn,6/8/2018,Female,Pink
628,Aprilette,12/31/2018,Female,Crimson
629,Annie,10/23/2018,Female,Puce
630,Dorette,3/13/2018,Female,Orange
631,Kathrine,9/30/2018,Female,Puce
632,Cherida,12/4/2018,Female,Mauv
633,Phaidra,7/24/2018,Female,Green
634,Van,7/15/2018,Female,Purple
635,Nisse,4/27/2018,Female,Pink
636,Sibella,7/21/2018,Female,Purple
637,Bartholomeus,10/18/2018,Male,Orange
638,Reed,11/5/2018,Male,Orange
639,Garrek,11/11/2018,Male,Green
640,Duke,8/31/2018,Male,Orange
641,Maynard,11/27/2018,Male,Turquoise
642,Jocko,3/4/2018,Male,Fuscia
643,Daria,9/2/2018,Female,Fuscia
644,Ario,10/18/2018,Male,Aquamarine
645,Gnni,4/18/2018,Female,Mauv
646,Millisent,2/23/2018,Female,Fuscia
647,Rusty,12/14/2018,Male,Violet
648,Gonzalo,2/5/2018,Male,Goldenrod
649,Isabelita,11/24/2018,Female,Red
650,Arda,12/29/2018,Female,Fuscia
651,Alyce,2/5/2018,Female,Yellow
652,Brett,3/4/2018,Male,Purple
653,Kristoforo,8/27/2018,Male,Puce
654,Sayre,9/4/2018,Female,Khaki
655,Bevan,2/8/2018,Male,Puce
656,Gorden,4/18/2018,Male,Pink
657,Kerwin,11/22/2018,Male,Crimson
658,Marion,1/31/2018,Female,Teal
659,Marice,7/25/2018,Female,Indigo
660,Valle,6/9/2018,Male,Crimson
661,Hetty,8/27/2018,Female,Blue
662,Pearce,2/5/2018,Male,Violet
663,Nickolaus,8/11/2018,Male,Teal
664,Pamelina,4/24/2018,Female,Fuscia
665,Sybyl,1/16/2018,Female,Maroon
666,Avrom,5/15/2018,Male,Khaki
667,Bendix,12/31/2018,Male,Crimson
668,Herminia,12/12/2018,Female,Goldenrod
669,Bernhard,4/6/2018,Male,Aquamarine
670,Nathanael,7/4/2018,Male,Teal
671,Desirae,3/13/2018,Female,Crimson
672,Tamarra,3/29/2018,Female,Purple
673,Rudiger,12/6/2018,Male,Fuscia
674,Cesaro,12/19/2018,Male,Goldenrod
675,Quinlan,4/15/2018,Male,Puce
676,Morten,4/13/2018,Male,Fuscia
677,Kennie,5/12/2018,Male,Mauv
678,Estevan,1/9/2018,Male,Green
679,Janessa,3/29/2018,Female,Fuscia
680,Caroljean,6/16/2018,Female,Red
681,Penni,6/10/2018,Female,Turquoise
682,Indira,10/18/2018,Female,Fuscia
683,Robin,12/24/2018,Female,Indigo
684,Riccardo,8/20/2018,Male,Yellow
685,Frants,9/27/2018,Male,Turquoise
686,Kiersten,4/12/2018,Female,Purple
687,Payton,8/30/2018,Male,Crimson
688,Joyce,6/23/2018,Female,Violet
689,Kristan,5/12/2018,Female,Goldenrod
690,Ebenezer,9/3/2018,Male,Pink
691,Berke,10/17/2018,Male,Maroon
692,Abel,4/3/2018,Male,Teal
693,Richmound,4/25/2018,Male,Violet
694,Johnette,10/24/2018,Female,Khaki
695,Lilith,8/2/2018,Female,Teal
696,Jerome,6/27/2018,Male,Green
697,Ennis,10/31/2018,Male,Red
698,Min,4/1/2018,Female,Purple
699,Ericka,2/7/2018,Female,Violet
700,Kameko,7/2/2018,Female,Violet
701,Carny,5/16/2018,Male,Khaki
702,Mariana,1/28/2018,Female,Crimson
703,Lynett,5/3/2018,Female,Yellow
704,Shelby,5/30/2018,Male,Goldenrod
705,Earle,12/4/2018,Male,Blue
706,Coretta,6/11/2018,Female,Red
707,Kingston,1/22/2018,Male,Mauv
708,Judie,4/17/2018,Female,Green
709,Torre,12/23/2018,Male,Mauv
710,Flinn,1/19/2018,Male,Aquamarine
711,Ferdinand,10/11/2018,Male,Puce
712,Nike,8/24/2018,Female,Goldenrod
713,Henka,7/23/2018,Female,Yellow
714,Yelena,12/17/2018,Female,Teal
715,Riccardo,7/6/2018,Male,Pink
716,Shurwood,6/17/2018,Male,Mauv
717,Dita,2/8/2018,Female,Turquoise
718,Cass,11/21/2018,Male,Mauv
719,Kellina,8/24/2018,Female,Maroon
720,Ram,6/30/2018,Male,Pink
721,Phip,10/29/2018,Male,Yellow
722,Iorgos,5/18/2018,Male,Maroon
723,Aldo,4/25/2018,Male,Pink
724,Emery,2/3/2018,Male,Fuscia
725,Jenelle,7/26/2018,Female,Green
726,Nixie,7/8/2018,Female,Turquoise
727,Donny,10/29/2018,Male,Turquoise
728,Theodoric,7/5/2018,Male,Goldenrod
729,Crawford,1/9/2018,Male,Yellow
730,Elmore,1/15/2018,Male,Blue
731,Yves,10/13/2018,Male,Aquamarine
732,Levin,9/4/2018,Male,Aquamarine
733,Oberon,4/18/2018,Male,Aquamarine
734,Beverlee,7/27/2018,Female,Maroon
735,Sheridan,11/19/2018,Male,Maroon
736,Gloria,8/4/2018,Female,Indigo
737,Emmott,4/24/2018,Male,Blue
738,Blanca,7/21/2018,Female,Indigo
739,Cheryl,11/21/2018,Female,Mauv
740,Brinna,8/23/2018,Female,Blue
741,Ashli,3/18/2018,Female,Fuscia
742,Hedvig,11/30/2018,Female,Khaki
743,Olivie,2/23/2018,Female,Goldenrod
744,Mendel,8/16/2018,Male,Fuscia
745,Kaia,7/10/2018,Female,Yellow
746,Baldwin,1/13/2018,Male,Puce
747,Ianthe,11/23/2018,Female,Yellow
748,Elyse,9/29/2018,Female,Goldenrod
749,Seana,10/23/2018,Female,Turquoise
750,Aprilette,9/5/2018,Female,Teal
751,Cassius,7/20/2018,Male,Red
752,Chaunce,5/7/2018,Male,Khaki
753,Rosaleen,6/14/2018,Female,Green
754,Anthia,8/24/2018,Female,Purple
755,Dorothea,9/7/2018,Female,Indigo
756,Raquela,2/16/2018,Female,Blue
757,Micheal,3/4/2018,Male,Yellow
758,Aloysius,8/14/2018,Male,Khaki
759,Hervey,4/21/2018,Male,Orange
760,Trixi,9/29/2018,Female,Mauv
761,Mercedes,6/19/2018,Female,Indigo
762,Granville,3/21/2018,Male,Orange
763,Sabina,11/5/2018,Female,Teal
764,Herbie,10/6/2018,Male,Teal
765,Cara,9/17/2018,Female,Teal
766,Yankee,4/5/2018,Male,Khaki
767,Marcia,12/4/2018,Female,Turquoise
768,Karim,5/24/2018,Male,Maroon
769,Ruben,12/28/2018,Male,Indigo
770,Sascha,12/9/2018,Female,Orange
771,Glad,1/31/2018,Female,Blue
772,Sal,7/28/2018,Male,Green
773,Kermy,6/27/2018,Male,Teal
774,Tomaso,9/15/2018,Male,Red
775,Jimmy,7/16/2018,Male,Red
776,Kerr,6/26/2018,Male,Khaki
777,Amalita,3/11/2018,Female,Yellow
778,Terri,12/2/2018,Female,Khaki
779,Benyamin,5/25/2018,Male,Turquoise
780,Catina,9/23/2018,Female,Orange
781,Judi,6/6/2018,Female,Violet
782,Maggee,7/20/2018,Female,Puce
783,Liesa,4/25/2018,Female,Orange
784,Katee,1/9/2018,Female,Goldenrod
785,Nicolle,10/9/2018,Female,Aquamarine
786,Sascha,9/10/2018,Male,Teal
787,Ashley,8/20/2018,Male,Pink
788,Crysta,3/5/2018,Female,Puce
789,Davey,2/17/2018,Male,Purple
790,Urbain,11/25/2018,Male,Fuscia
791,Pippo,11/9/2018,Male,Fuscia
792,Merci,2/14/2018,Female,Blue
793,Phil,3/17/2018,Male,Green
794,Dalia,1/11/2018,Female,Teal
795,Claiborne,7/5/2018,Male,Indigo
796,Goldy,5/11/2018,Female,Mauv
797,Desi,4/12/2018,Male,Purple
798,Vilma,7/10/2018,Female,Orange
799,Damien,7/8/2018,Male,Fuscia
800,Avrit,5/24/2018,Female,Green
801,Carlotta,11/16/2018,Female,Aquamarine
802,Gray,4/27/2018,Female,Yellow
803,Skipp,1/20/2018,Male,Aquamarine
804,Mal,1/22/2018,Male,Crimson
805,Imogen,1/22/2018,Female,Fuscia
806,Tommie,3/14/2018,Male,Green
807,Anny,7/26/2018,Female,Purple
808,Madelaine,3/15/2018,Female,Aquamarine
809,Carena,7/3/2018,Female,Mauv
810,Raychel,9/19/2018,Female,Mauv
811,Karena,1/4/2018,Female,Green
812,Opal,12/28/2018,Female,Turquoise
813,Rip,5/28/2018,Male,Green
814,Tanny,12/12/2018,Male,Green
815,Uri,6/11/2018,Male,Teal
816,Cassaundra,7/26/2018,Female,Crimson
817,Eolande,5/15/2018,Female,Violet
818,Kariotta,7/24/2018,Female,Orange
819,Cece,3/27/2018,Male,Purple
820,Nani,2/25/2018,Female,Fuscia
821,Mario,7/31/2018,Male,Orange
822,Murielle,9/14/2018,Female,Khaki
823,Casar,1/27/2018,Male,Goldenrod
824,Deeyn,1/15/2018,Female,Red
825,Stearne,5/16/2018,Male,Violet
826,Marianne,11/18/2018,Female,Green
827,Lia,4/2/2018,Female,Orange
828,Rick,12/22/2018,Male,Red
829,Bob,9/5/2018,Male,Blue
830,Rae,6/2/2018,Female,Mauv
831,Addy,8/14/2018,Male,Turquoise
832,Doy,5/21/2018,Male,Teal
833,Candra,9/1/2018,Female,Fuscia
834,Brear,8/17/2018,Female,Yellow
835,Walther,4/11/2018,Male,Mauv
836,Gib,7/31/2018,Male,Turquoise
837,Ertha,4/3/2018,Female,Aquamarine
838,Fay,3/21/2018,Female,Crimson
839,Gail,5/6/2018,Female,Puce
840,Philippine,10/11/2018,Female,Aquamarine
841,Jaquith,4/3/2018,Female,Turquoise
842,Karina,1/31/2018,Female,Yellow
843,Garrott,4/2/2018,Male,Pink
844,Faustine,11/9/2018,Female,Teal
845,Lucio,12/30/2018,Male,Crimson
846,Kile,8/27/2018,Male,Aquamarine
847,Berri,5/10/2018,Female,Red
848,Bourke,4/26/2018,Male,Aquamarine
849,Ario,5/29/2018,Male,Teal
850,Justina,11/2/2018,Female,Blue
851,Colleen,10/24/2018,Female,Violet
852,Ashby,6/5/2018,Male,Teal
853,Jeffie,5/20/2018,Male,Teal
854,Maridel,7/14/2018,Female,Yellow
855,Barry,3/17/2018,Male,Khaki
856,Tiebold,12/4/2018,Male,Purple
857,Garnette,9/21/2018,Female,Khaki
858,Iago,9/27/2018,Male,Red
859,Chris,9/23/2018,Male,Crimson
860,Kahlil,11/28/2018,Male,Indigo
861,Barclay,6/28/2018,Male,Khaki
862,Temp,1/19/2018,Male,Pink
863,Gabey,2/20/2018,Female,Violet
864,Shell,5/23/2018,Female,Teal
865,Meg,8/18/2018,Female,Goldenrod
866,Caldwell,9/15/2018,Male,Turquoise
867,Gail,8/8/2018,Female,Pink
868,Dredi,8/16/2018,Female,Yellow
869,Rebeca,2/20/2018,Female,Khaki
870,Reilly,9/16/2018,Male,Yellow
871,Frankie,12/3/2018,Male,Red
872,Zedekiah,3/29/2018,Male,Fuscia
873,Rourke,1/5/2018,Male,Teal
874,Glynnis,11/7/2018,Female,Purple
875,Antoni,4/2/2018,Male,Violet
876,Monique,2/6/2018,Female,Orange
877,Carly,6/5/2018,Male,Violet
878,Barr,7/7/2018,Male,Mauv
879,Cyndi,9/15/2018,Female,Blue
880,Fleurette,2/25/2018,Female,Red
881,Cameron,6/15/2018,Male,Teal
882,Theodosia,11/16/2018,Female,Goldenrod
883,Brad,12/17/2018,Male,Khaki
884,Ruddie,2/12/2018,Male,Teal
885,Brigg,10/11/2018,Male,Khaki
886,Derrek,7/5/2018,Male,Blue
887,Pall,9/6/2018,Male,Puce
888,Shermy,3/22/2018,Male,Green
889,Maggy,11/9/2018,Female,Puce
890,Ynes,2/11/2018,Female,Aquamarine
891,Katya,1/15/2018,Female,Fuscia
892,Catlin,7/2/2018,Female,Goldenrod
893,Cristionna,9/15/2018,Female,Teal
894,Mikel,9/20/2018,Male,Green
895,Hildagarde,9/9/2018,Female,Aquamarine
896,Dido,12/17/2018,Female,Orange
897,Lorrin,4/1/2018,Female,Fuscia
898,Juli,8/1/2018,Female,Puce
899,Gabriela,6/10/2018,Female,Teal
900,Kelci,11/26/2018,Female,Puce
901,Ingunna,3/1/2018,Female,Goldenrod
902,Mark,11/20/2018,Male,Pink
903,Bale,3/26/2018,Male,Red
904,Markos,11/9/2018,Male,Blue
905,Eleanore,9/7/2018,Female,Purple
906,Lidia,12/28/2018,Female,Crimson
907,Barri,1/28/2018,Male,Orange
908,Florance,11/20/2018,Female,Aquamarine
909,Beverly,1/16/2018,Female,Red
910,Sukey,6/28/2018,Female,Violet
911,Leonanie,5/1/2018,Female,Khaki
912,Florina,6/12/2018,Female,Turquoise
913,Marne,3/21/2018,Female,Blue
914,Shep,8/9/2018,Male,Indigo
915,Dorella,4/24/2018,Female,Purple
916,Deerdre,2/12/2018,Female,Purple
917,Georas,5/14/2018,Male,Crimson
918,Bonnee,6/22/2018,Female,Goldenrod
919,Ethelyn,8/3/2018,Female,Violet
920,Andriette,7/1/2018,Female,Yellow
921,Barnaby,8/8/2018,Male,Violet
922,Leanor,8/14/2018,Female,Maroon
923,Tucky,10/24/2018,Male,Blue
924,Orton,3/17/2018,Male,Maroon
925,Lorelei,4/21/2018,Female,Khaki
926,Jaquenetta,1/26/2018,Female,Fuscia
927,Caro,7/3/2018,Female,Blue
928,Winslow,4/8/2018,Male,Pink
929,Mike,1/20/2018,Male,Goldenrod
930,Abagael,1/18/2018,Female,Green
931,Cate,10/22/2018,Female,Crimson
932,Ettie,5/4/2018,Female,Khaki
933,Florida,8/27/2018,Female,Purple
934,Dulce,6/3/2018,Female,Purple
935,Kendal,10/25/2018,Male,Pink
936,Estrellita,7/15/2018,Female,Teal
937,Mendel,2/5/2018,Male,Puce
938,Abigael,3/26/2018,Female,Puce
939,Annadiane,3/3/2018,Female,Puce
940,Nicolette,11/20/2018,Female,Puce
941,Ilario,4/2/2018,Male,Goldenrod
942,Kelsey,8/11/2018,Female,Khaki
943,Brinn,9/20/2018,Female,Mauv
944,Ofella,6/11/2018,Female,Orange
945,Maurizio,9/14/2018,Male,Indigo
946,Alta,4/9/2018,Female,Blue
947,Lethia,8/8/2018,Female,Puce
948,Cybil,10/10/2018,Female,Aquamarine
949,Horatius,11/3/2018,Male,Goldenrod
950,Danyelle,4/19/2018,Female,Aquamarine
951,Marietta,12/15/2018,Female,Yellow
952,Harwell,9/23/2018,Male,Orange
953,Fidelity,4/22/2018,Female,Purple
954,Becki,9/11/2018,Female,Pink
955,Marianna,7/1/2018,Female,Violet
956,Bret,12/31/2018,Male,Maroon
957,Roselin,8/16/2018,Female,Orange
958,Anett,8/13/2018,Female,Teal
959,Almeria,8/3/2018,Female,Purple
960,Pauly,9/28/2018,Female,Teal
961,Moishe,7/21/2018,Male,Violet
962,Gawain,4/14/2018,Male,Goldenrod
963,Camila,5/15/2018,Female,Mauv
964,Kev,3/17/2018,Male,Red
965,Jessee,3/17/2018,Male,Puce
966,Danell,11/11/2018,Female,Yellow
967,Sutherlan,9/24/2018,Male,Fuscia
968,Cly,1/7/2018,Male,Yellow
969,Karilynn,4/12/2018,Female,Pink
970,Palmer,4/14/2018,Male,Indigo
971,Clevey,10/14/2018,Male,Goldenrod
972,Ara,6/21/2018,Male,Indigo
973,Alick,5/18/2018,Male,Maroon
974,Fancie,5/8/2018,Female,Puce
975,Shaw,1/27/2018,Male,Khaki
976,Peadar,12/5/2018,Male,Indigo
977,Maddi,2/17/2018,Female,Red
978,Yoko,12/7/2018,Female,Khaki
979,Henka,6/18/2018,Female,Turquoise
980,Merle,6/28/2018,Female,Red
981,Huntlee,8/7/2018,Male,Turquoise
982,Bel,10/4/2018,Female,Indigo
983,Lurline,8/22/2018,Female,Aquamarine
984,Casar,6/11/2018,Male,Indigo
985,Ailbert,2/27/2018,Male,Yellow
986,Guenevere,7/21/2018,Female,Red
987,Efren,3/1/2018,Male,Indigo
988,Arvy,12/27/2018,Male,Mauv
989,Teador,5/7/2018,Male,Purple
990,Margaretha,11/6/2018,Female,Maroon
991,Kristien,6/2/2018,Female,Yellow
992,Janet,11/7/2018,Female,Mauv
993,Rodney,1/14/2018,Male,Yellow
994,Christal,9/19/2018,Female,Goldenrod
995,Euphemia,7/17/2018,Female,Puce
996,Philomena,2/28/2018,Female,Goldenrod
997,Andrej,6/6/2018,Male,Purple
998,Nathalie,6/14/2018,Female,Yellow
999,Orazio,10/25/2018,Male,Green
1000,Merralee,1/4/2018,Female,Pink
